{"cameraMode":{"drawMode":0,"name":"Shaded","section":"Shading Mode"},"sceneLighting":true,"audioPlay":false,"sceneViewState":{"m_AlwaysRefresh":false,"showFog":true,"showSkybox":true,"showFlares":true,"showImageEffects":true,"showParticleSystems":true,"showVisualEffectGraphs":true,"m_FxEnabled":true},"in2DMode":false,"pivot":{"x":44.28173065185547,"y":228.4791717529297,"z":-146.93536376953126},"rotation":{"x":0.5850121378898621,"y":-0.002433064626529813,"z":0.0017550414195284248,"w":0.8110191226005554},"size":0.010093524120748043,"orthographic":false}