{"cameraMode":{"drawMode":0,"name":"Shaded","section":"Shading Mode"},"sceneLighting":false,"audioPlay":false,"sceneViewState":{"m_AlwaysRefresh":false,"showFog":true,"showSkybox":false,"showFlares":true,"showImageEffects":true,"showParticleSystems":true,"showVisualEffectGraphs":true,"m_FxEnabled":true},"in2DMode":false,"pivot":{"x":10.425880432128907,"y":58.662288665771487,"z":19.397079467773439},"rotation":{"x":0.5850121378898621,"y":-0.002433064626529813,"z":0.0017550414195284248,"w":0.8110191226005554},"size":286.0157470703125,"orthographic":false}