{"cameraMode":{"drawMode":0,"name":"Shaded","section":"Shading Mode"},"sceneLighting":false,"audioPlay":false,"sceneViewState":{"m_AlwaysRefresh":false,"showFog":true,"showSkybox":false,"showFlares":true,"showImageEffects":true,"showParticleSystems":true,"showVisualEffectGraphs":true,"m_FxEnabled":true},"in2DMode":false,"pivot":{"x":0.06187117099761963,"y":2.1232824325561525,"z":0.2698068618774414},"rotation":{"x":0.27700692415237429,"y":0.7219432592391968,"z":-0.4248408377170563,"w":0.4707229733467102},"size":2.5542659759521486,"orthographic":false}